종목코드,종목명,종가,대비,등락률,상장시가총액
"005930","삼성전자","254000","4500","1.80","1.484954766E9"
"000660","SK하이닉스","1816000","57000","3.24","1.294267495E9"
"402340","SK스퀘어","1096000","-13000","-1.17","1.44626391E8"
"009150","삼성전기","1325000","-1000","-0.08","9.8969147E7"
"005380","현대차","403000","2000","0.50","8.251738E7"
"373220","LG에너지솔루션","333000","3500","1.06","7.7922E7"
"207940","삼성바이오로직스","1545000","27000","1.78","7.1519519E7"
"032830","삼성생명","311500","-6500","-2.04","6.23E7"
"105560","KB금융","172600","1100","0.64","6.1219103E7"
"028260","삼성물산","339500","-2500","-0.73","5.5055894E7"
"329180","HD현대중공업","486500","1000","0.21","5.1063636E7"
"000270","기아","130400","-100","-0.08","5.0909855E7"
"055550","신한지주","105000","600","0.57","4.9838708E7"
"012450","한화에어로스페이스","899000","-80000","-8.17","4.6355497E7"
"034020","두산에너빌리티","70900","-1200","-1.66","4.5415785E7"
"034730","SK","623000","-7000","-1.11","4.5169184E7"
"012330","현대모비스","463500","-18500","-3.84","4.2054552E7"
"068270","셀트리온","178700","1100","0.62","4.1557347E7"
"086790","하나금융지주","130600","-1800","-1.36","3.5832428E7"
"035420","NAVER","225000","17500","8.43","3.5312454E7"
"006400","삼성SDI","431000","3000","0.70","3.4732363E7"
"010120","LS ELECTRIC","200000","-2000","-0.99","3.0E7"
"000810","삼성화재","645000","1000","0.16","2.879762E7"
"267260","HD현대일렉트릭","797000","-13000","-1.60","2.8729567E7"
"066570","LG전자","172300","3100","1.83","2.8065023E7"
"009540","HD한국조선해양","378500","6500","1.75","2.6787624E7"
"042660","한화오션","88800","900","1.02","2.7209509E7"
"005490","POSCO홀딩스","316000","3000","0.96","2.5040323E7"
"316140","우리금융지주","33100","2250","7.29","2.4099768E7"
"298040","효성중공업","2625000","-56000","-2.09","2.4476939E7"
"015760","한국전력","36200","800","2.26","2.32391E7"
"010130","고려아연","1029000","-46000","-4.28","2.1478285E7"
"017670","SK텔레콤","97900","-2100","-2.10","2.1027946E7"
"138040","메리츠금융지주","125600","2300","1.87","2.1018817E7"
"006800","미래에셋증권","37050","150","0.41","2.0731953E7"
"010140","삼성중공업","22650","-250","-1.09","1.9932E7"
"096770","SK이노베이션","116700","-13400","-10.30","1.972846E7"
"042700","한미반도체","204500","4500","2.25","1.9491345E7"
"011200","HMM","20650","-1000","-4.62","1.9477864E7"
"000150","두산","1197000","6000","0.50","1.938402E7"
"033780","KT&G","182600","0","0.00","1.8955789E7"
"051910","LG화학","260000","1000","0.39","1.8354009E7"
"024110","기업은행","21350","0","0.00","1.7025042E7"
"267250","HD현대","210500","-12000","-5.39","1.6628044E7"
"018260","삼성에스디에스","217500","8000","3.82","1.6829672E7"
"196170","알테오젠","312000","11500","3.83","1.6718939E7"
"035720","카카오","37050","850","2.35","1.6412449E7"
"079550","LIG디펜스앤에어로스페이스","696000","-66000","-8.66","1.5312E7"
"010950","S-Oil","136400","-14800","-9.79","1.5356293E7"
"086280","현대글로비스","204500","-2500","-1.21","1.53375E7"
"064350","현대로템","132500","-25900","-16.35","1.4461354E7"
"011070","LG이노텍","614000","-11000","-1.76","1.4531604E7"
"003550","LG","97700","-200","-0.20","1.4771459E7"
"047810","한국항공우주","146200","-11900","-7.53","1.4250861E7"
"030200","KT","54400","300","0.55","1.370998E7"
"278470","에이피알","354500","500","0.14","1.3271826E7"
"003670","포스코퓨처엠","143600","2000","1.41","1.2772677E7"
"272210","한화시스템","63000","-5200","-7.62","1.1901922E7"
"071050","한국금융지주","212500","-500","-0.23","1.1841773E7"
"000720","현대건설","103600","-2600","-2.45","1.1536457E7"
"259960","크래프톤","248000","5500","2.27","1.1442183E7"
"307950","현대오토에버","394000","15000","3.96","1.0805049E7"
"323410","카카오뱅크","22150","100","0.45","1.0568218E7"
"005940","NH투자증권","29250","200","0.69","1.0799279E7"
"247540","에코프로비엠","110500","2200","2.03","1.0810263E7"
"005830","DB손해보험","163400","-4500","-2.68","1.0702757E7"
"086520","에코프로","80600","2500","3.20","1.0943558E7"
"352820","하이브","225000","13000","6.13","9699038.0"
"0126Z0","삼성에피스홀딩스","392000","3500","0.90","9754155.0"
"006260","LS","305000","-2000","-0.65","9516000.0"
"003490","대한항공","26450","1000","3.93","9739436.0"
"047050","포스코인터내셔널","52700","-3600","-6.39","9271131.0"
"443060","HD현대마린솔루션","206000","-3500","-1.67","9235693.0"
"028050","삼성E&A","47650","50","0.11","9339400.0"
"016360","삼성증권","101400","1100","1.10","9055020.0"
"003230","삼양식품","1220000","69000","5.99","9190278.0"
"078930","GS","91600","-3700","-3.88","8509227.0"
"277810","레인보우로보틱스","446000","27500","6.57","8652337.0"
"161390","한국타이어앤테크놀로지","69800","-700","-0.99","8646480.0"
"039490","키움증권","300000","1500","0.50","7868495.0"
"180640","한진칼","110700","5700","5.43","7390584.0"
"036930","주성엔지니어링","149900","8900","6.31","6967520.0"
"090430","아모레퍼시픽","123500","5500","4.66","7223856.0"
"047040","대우건설","15180","-120","-0.78","6237578.0"
"064400","LG씨엔에스","67000","2500","3.88","6491359.0"
"267270","HD건설기계","134600","1900","1.43","6450287.0"
"032640","LG유플러스","14710","-30","-0.20","6243332.0"
"000880","한화","93800","-2200","-2.29","6613643.0"
"007660","이수페타시스","85800","-1200","-1.38","6298511.0"
"021240","코웨이","92300","500","0.54","6531833.0"
"326030","SK바이오팜","81900","1300","1.61","6413855.0"
"241560","두산밥캣","64200","1800","2.88","6153959.0"
"029780","삼성카드","50200","1400","2.87","5816116.0"
"000100","유한양행","72000","-2900","-3.87","5734627.0"
"377300","카카오페이","44750","2850","6.80","6053338.0"
"138930","BNK금융지주","18120","80","0.44","5623126.0"
"175330","JB금융지주","28750","1850","6.88","5362502.0"
"271560","오리온","130000","-500","-0.38","5138742.0"
"001440","대한전선","28500","400","1.42","5585789.0"
"058470","리노공업","69800","1200","1.75","5319587.0"
"240810","원익IPS","106000","5500","5.47","5202894.0"
"353200","대덕전자","109400","-100","-0.09","5406212.0"
"036570","NC","232500","4500","1.97","5008985.0"
"062040","산일전기","166400","-4400","-2.58","5094477.0"
"128940","한미약품","390500","-1500","-0.38","5002692.0"
"004170","신세계","517000","13000","2.58","4883159.0"
"034220","LG디스플레이","9660","-140","-1.43","4830000.0"
"028300","HLB","31450","150","0.48","4189084.0"
"000990","DB하이텍","98700","-1300","-1.30","4293903.0"
"319660","피에스케이","146000","2100","1.46","4229140.0"
"009830","한화솔루션","26200","-3800","-12.67","4503584.0"
"298380","에이비엘바이오","72600","200","0.28","4064690.0"
"454910","두산로보틱스","66200","1500","2.32","4291083.0"
"141080","리가켐바이오","97600","1500","1.56","3613095.0"
"214450","파마리서치","370000","13000","3.64","3844170.0"
"001040","CJ","133900","1700","1.29","3906800.0"
"002380","KCC","417000","-4500","-1.07","3583238.0"
"004020","현대제철","27750","0","0.00","3703121.0"
"010060","OCI홀딩스","206000","-44000","-17.60","3846068.0"
"011790","SKC","81500","-300","-0.37","4042261.0"
"018880","한온시스템","3595","60","1.70","3689414.0"
"039030","이오테크닉스","309000","10500","3.52","3806741.0"
"111770","영원무역","86800","-900","-1.03","3846235.0"
"088350","한화생명","4555","-35","-0.76","3956154.0"
"082740","한화엔진","47500","-1550","-3.16","3963739.0"
"023530","롯데쇼핑","129200","3300","2.62","3654907.0"
"051900","LG생활건강","256000","7500","3.02","3833734.0"
"052690","한전기술","97100","-2000","-2.02","3711162.0"
"000250","삼천당제약","149400","600","0.40","3504546.0"
"087010","펩트론","128900","15600","13.77","3005606.0"
"145020","휴젤","243000","8500","3.62","2989880.0"
"214370","케어젠","59700","3000","5.29","3206786.0"
"222800","심텍","92300","3800","4.29","3457921.0"
"403870","HPSP","37500","1850","5.19","3086250.0"
"001450","현대해상","39750","-600","-1.49","3388618.0"
"011780","금호석유화학","121500","-2900","-2.33","3056615.0"
"022100","포스코DX","19540","330","1.72","2970759.0"
"031210","서울보증보험","42950","150","0.35","2998838.0"
"035250","강원랜드","14490","30","0.21","3099998.0"
"036460","한국가스공사","35100","150","0.43","3240186.0"
"066970","엘앤에프","81500","-400","-0.49","3315686.0"
"103590","일진전기","62500","-1200","-1.88","2980337.0"
"251270","넷마블","37350","450","1.22","3060256.0"
"383220","F&F","77800","1700","2.23","2980290.0"
"483650","달바글로벌","259500","19000","7.90","3242171.0"
"080220","제주반도체","74000","3700","5.26","2548770.0"
"450080","에코프로머티","34900","500","1.45","2471404.0"
"095340","ISC","137000","2400","1.78","2903997.0"
"095610","테스","142100","6000","4.41","2751056.0"
"108490","로보티즈","201000","9600","5.02","2946867.0"
"178320","서진시스템","39800","800","2.05","2533299.0"
"214150","클래시스","45400","950","2.14","2961699.0"
"257720","실리콘투","38400","3150","8.94","2518128.0"
"319400","현대무벡스","21850","2630","13.68","2433566.0"
"347850","디앤디파마텍","59000","-600","-1.01","2704419.0"
"003690","코리안리","13950","0","0.00","2465258.0"
"005850","에스엘","55000","700","1.29","2554669.0"
"006360","GS건설","29100","-1150","-3.80","2490421.0"
"009420","한올바이오파마","47500","900","1.93","2481430.0"
"009970","영원무역홀딩스","203500","0","0.00","2636102.0"
"011170","롯데케미칼","60700","-400","-0.65","2596468.0"
"014680","한솔케미칼","225500","0","0.00","2483409.0"
"017800","현대엘리베이터","71000","1500","2.16","2775559.0"
"028670","팬오션","5240","-40","-0.76","2801144.0"
"069960","현대백화점","137100","7500","5.79","2956549.0"
"097950","CJ제일제당","194600","500","0.26","2929545.0"
"139130","iM금융지주","18090","-160","-0.88","2864794.0"
"302440","SK바이오사이언스","34850","500","1.46","2734211.0"
"375500","DL이앤씨","63900","700","1.11","2472523.0"
"084370","유진테크","112300","3100","2.84","2573472.0"
"005290","동진쎄미켐","42500","1250","3.03","2166230.0"
"489790","한화비전","41750","-800","-1.88","2107890.0"
"064760","티씨케이","196400","12200","6.62","2195637.0"
"067310","하나마이크론","35200","2000","6.02","2340479.0"
"226950","올릭스","113700","4200","3.84","2394846.0"
"237690","에스티팜","99900","-16800","-14.40","2085576.0"
"263750","펄어비스","35250","2350","7.14","2215248.0"
"310210","보로노이","125900","-1400","-1.10","2319197.0"
"357780","솔브레인","277500","7500","2.78","2158552.0"
"000240","한국앤컴퍼니","25050","0","0.00","2378128.0"
"001720","신영증권","146400","3800","2.66","2406816.0"
"002790","아모레퍼시픽홀딩스","24900","700","2.89","1903809.0"
"004370","농심","376500","9000","2.45","2290115.0"
"004990","롯데지주","23450","0","0.00","2337116.0"
"007070","GS리테일","25500","-250","-0.97","2131989.0"
"007340","DN오토모티브","38350","-550","-1.41","2243892.0"
"008930","한미사이언스","35500","900","2.60","2427900.0"
"018670","SK가스","242500","-13000","-5.09","2244882.0"
"030000","제일기획","19130","20","0.10","2200739.0"
"051600","한전KPS","46550","-550","-1.17","2094750.0"
"071970","HD현대마린엔진","65600","-2000","-2.96","2225250.0"
"081660","미스토홀딩스","44300","-150","-0.34","2351969.0"
"085620","미래에셋생명","16400","500","3.14","2216952.0"
"139480","이마트","82700","400","0.49","2282174.0"
"161890","한국콜마","102500","2300","2.30","2419520.0"
"192820","코스맥스","192500","14100","7.90","2184780.0"
"204320","HL만도","44900","300","0.67","2108375.0"
"282330","BGF리테일","125500","2100","1.70","2169130.0"
"336260","두산퓨얼셀","30000","-12800","-29.91","1964812.0"
"439260","대한조선","50200","1300","2.66","1912054.0"
"475150","SK이터닉스","57100","-23800","-29.42","1945226.0"
"031980","피에스케이홀딩스","111500","5600","5.29","2404207.0"
"007390","네이처셀","24150","50","0.21","1556107.0"
"457190","이수스페셜티케미컬","57400","0","0.00","1734563.0"
"035900","JYP Ent.","47000","2150","4.79","1670027.0"
"041510","에스엠","74400","4600","6.59","1703365.0"
"058610","에스피지","75000","3400","4.75","1663302.0"
"060370","LS마린솔루션","30000","-650","-2.12","1567166.0"
"068760","셀트리온제약","40850","450","1.11","1813835.0"
"082920","비츠로셀","30600","-500","-1.61","1387388.0"
"083650","비에이치아이","44400","-400","-0.89","1373930.0"
"089030","테크윙","44550","-500","-1.11","1650740.0"
"096530","씨젠","28200","800","2.92","1472773.0"
"098460","고영","27650","1850","7.17","1885846.0"
"131970","두산테스나","81000","4600","6.02","1565506.0"
"140860","파크시스템스","259500","10000","4.01","1817141.0"
"290650","엘앤씨바이오","58100","1900","3.38","1566940.0"
"000120","CJ대한통운","75000","-2300","-2.98","1710926.0"
"001800","오리온홀딩스","25950","200","0.78","1561065.0"
"006040","동원산업","35150","0","0.00","1551550.0"
"006280","녹십자","123800","100","0.08","1446793.0"
"007810","코리아써키트","56600","-500","-0.88","1357416.0"
"008770","호텔신라","47600","500","1.06","1868211.0"
"011210","현대위아","56000","-600","-1.06","1522925.0"
"020150","롯데에너지머티리얼즈","29400","-750","-2.49","1539545.0"
"069620","대웅제약","128300","700","0.55","1486558.0"
"073240","금호타이어","6160","30","0.49","1769523.0"
"097230","HJ중공업","16160","90","0.56","1459173.0"
"103140","풍산","64000","-4300","-6.30","1793554.0"
"112610","씨에스윈드","40050","-3150","-7.29","1688965.0"
"120110","코오롱인더","54300","800","1.50","1626070.0"
"229640","LS에코에너지","44750","-1800","-3.87","1370463.0"
"298020","효성티앤씨","324500","3500","1.09","1404333.0"
"322000","HD현대에너지솔루션","134800","-29200","-17.80","1509760.0"
"032820","우리기술","10130","110","1.10","1738361.0"
"003380","하림지주","9700","-140","-1.42","1086455.0"
"100090","SK오션플랜트","14830","-3520","-19.18","926551.0"
"036540","SFA반도체","5280","180","3.53","868350.0"
"039200","오스코텍","31600","550","1.77","1208958.0"
"043260","성호전자","17510","60","0.34","1252950.0"
"078600","대주전자재료","75700","400","0.53","1188803.0"
"085660","차바이오텍","8960","80","0.90","833037.0"
"099320","쎄트렉아이","75200","-3500","-4.45","823536.0"
"101490","에스앤에스텍","40950","2450","6.36","873663.0"
"166090","하나머티리얼즈","56100","1400","2.56","1109528.0"
"183300","코미코","63500","2100","3.42","1304627.0"
"195940","HK이노엔","39150","250","0.64","1109115.0"
"218410","RFHIC","45450","400","0.89","1206854.0"
"293490","카카오게임즈","7910","260","3.40","848310.0"
"323280","태성","33100","1350","4.25","1010807.0"
"347700","스피어","16960","-130","-0.76","874311.0"
"437730","삼현","33400","1050","3.25","1059033.0"
"458870","씨어스","27350","0","0.00","1040934.0"
"475830","오름테라퓨틱","47450","1950","4.29","1030595.0"
"000080","하이트진로","15290","40","0.26","1072343.0"
"000210","DL","48450","-2050","-4.06","1015313.0"
"001430","세아베스틸지주","36200","1100","3.13","1298209.0"
"003240","태광산업","895000","4000","0.45","996493.0"
"003530","한화투자증권","4310","40","0.94","924701.0"
"003540","대신증권","26000","250","0.97","1239319.0"
"004000","롯데정밀화학","46200","-900","-1.91","1191960.0"
"005070","코스모신소재","35100","200","0.57","1165831.0"
"005300","롯데칠성","100900","900","0.90","936239.0"
"006120","SK디스커버리","51900","-1100","-2.08","903774.0"
"017960","한국카본","22700","-1000","-4.22","1173056.0"
"032350","롯데관광개발","11950","330","2.84","952719.0"
"034230","파라다이스","10330","300","2.99","956862.0"
"077970","STX엔진","24550","-1000","-3.91","985635.0"
"030530","원익홀딩스","16960","560","3.41","1309956.0"
"035760","CJ ENM","31700","1400","4.62","695154.0"
"298050","HS효성첨단소재","161200","6100","3.93","722168.0"
"038500","삼표시멘트","7420","20","0.27","800739.0"
"065350","신성델타테크","28150","650","2.36","773673.0"
"082270","젬백스","10470","360","3.56","463499.0"
"090710","휴림로봇","6710","150","2.29","802241.0"
"100790","미래에셋벤처투자","13500","110","0.82","717128.0"
"115180","큐리언트","17970","180","1.01","674098.0"
"122870","와이지엔터테인먼트","41550","1750","4.40","776613.0"
"137400","피엔티","30150","800","2.73","714275.0"
"161580","필옵틱스","26650","500","1.91","624736.0"
"174900","앱클론","19760","20","0.10","394254.0"
"213420","덕산네오룩스","30300","800","2.71","752385.0"
"232140","와이씨","9510","430","4.74","780251.0"
"253450","스튜디오드래곤","21650","1100","5.35","650766.0"
"281740","레이크머티리얼즈","11780","60","0.51","774306.0"
"328130","루닛","9610","290","3.11","715543.0"
"348370","엔켐","18630","480","2.64","408202.0"
"358570","지아이이노베이션","7980","440","5.84","514838.0"
"376900","로킷헬스케어","42700","-1400","-3.17","677811.0"
"388720","유일로보틱스","63400","3700","6.20","746937.0"
"397030","에이프릴바이오","25050","250","1.01","586516.0"
"417200","LS머트리얼즈","11670","-190","-1.60","789507.0"
"445680","큐리옥스바이오시스템즈","39950","1150","2.96","687270.0"
"456160","지투지바이오","30600","-400","-1.29","508860.0"
"466100","클로봇","25300","1650","6.98","644119.0"
"000670","영풍","34950","-300","-0.85","643453.0"
"075580","세진중공업","11770","-460","-3.76","669118.0"
"249420","일동제약","14060","100","0.72","444834.0"
"285130","SK케미칼","40050","-1050","-2.55","692816.0"
"036830","솔브레인홀딩스","31650","700","2.26","648951.0"