일자,종가,대비,등락률,시가,고가,저가,거래량,거래대금,상장시가총액
"2026/07/28","4118.41","-510.36","-11.03","4370.04","4381.89","4093.73","170231.0","2.7401589E7","4.81872337E9"
"2026/07/27","4628.77","60.17","1.32","4659.50","4660.32","4480.70","171953.0","2.4976834E7","5.396597648E9"
"2026/07/24","4568.60","-307.04","-6.30","4806.46","4806.46","4539.53","226231.0","3.1289469E7","5.338192091E9"
"2026/07/23","4875.64","204.82","4.39","4794.48","4887.80","4730.59","227077.0","2.7594572E7","5.672898868E9"
"2026/07/22","4670.82","27.63","0.60","4864.40","4942.93","4666.41","204266.0","2.941774E7","5.428632694E9"
"2026/07/21","4643.19","169.86","3.80","4500.31","4709.81","4410.83","165351.0","2.5316877E7","5.390867206E9"
"2026/07/20","4473.33","-211.41","-4.51","4557.45","4694.07","4440.53","179737.0","2.9987243E7","5.207513394E9"
"2026/07/16","4684.74","-358.66","-7.11","4798.55","4820.79","4629.06","178276.0","2.9786607E7","5.457002612E9"
"2026/07/15","5043.40","312.15","6.60","4893.83","5147.68","4892.39","216309.0","3.5953766E7","5.837069923E9"
"2026/07/14","4731.25","50.86","1.09","4655.45","4818.00","4423.28","245221.0","4.7363026E7","5.486222171E9"
"2026/07/13","4680.39","-500.11","-9.65","5132.57","5219.62","4662.01","238948.0","4.1621778E7","5.448721389E9"
"2026/07/10","5180.50","122.53","2.42","5248.52","5349.35","5138.55","226468.0","3.2704152E7","5.986820666E9"
"2026/07/09","5057.97","49.53","0.99","5192.13","5236.62","4890.99","243171.0","3.9844921E7","5.834676333E9"
"2026/07/08","5008.44","-294.28","-5.55","5152.53","5407.69","4970.71","247194.0","4.3004175E7","5.793829002E9"
"2026/07/07","5302.72","-284.82","-5.10","5494.97","5524.56","5110.99","246487.0","4.1455564E7","6.130304649E9"
"2026/07/06","5587.54","-33.05","-0.59","5689.47","5789.53","5419.06","181772.0","3.220103E7","6.446143315E9"
"2026/07/03","5620.59","329.28","6.22","5358.67","5657.91","5096.16","223818.0","4.640372E7","6.484760967E9"
"2026/07/02","5291.31","-500.44","-8.64","5511.34","5653.26","5265.99","264036.0","5.1010052E7","6.13795875E9"
"2026/07/01","5791.75","-144.64","-2.44","6013.47","6044.09","5682.76","275795.0","4.4792539E7","6.675758418E9"
"2026/06/30","5936.39","74.91","1.28","5881.07","6076.39","5746.49","207711.0","4.4070011E7","6.817267951E9"
"2026/06/29","5861.48","-38.94","-0.66","5844.03","5964.21","5683.03","250310.0","4.5380992E7","6.751999025E9"
"2026/06/26","5900.42","-374.24","-5.96","6186.75","6223.85","5698.95","285898.0","5.5631826E7","6.753347591E9"
"2026/06/25","6274.66","345.75","5.83","6093.68","6357.64","6081.15","236296.0","5.2120043E7","7.172173386E9"
"2026/06/24","5928.91","205.99","3.60","5840.75","6012.13","5636.75","242742.0","5.655018E7","6.811748916E9"
"2026/06/23","5722.92","-668.36","-10.46","6360.82","6429.28","5719.42","271926.0","6.2150246E7","6.592089323E9"
"2026/06/22","6391.28","75.43","1.19","6241.07","6482.48","6212.62","223121.0","4.4506019E7","7.331884558E9"
"2026/06/19","6315.85","-8.24","-0.13","6490.13","6563.75","6161.69","318320.0","6.8929114E7","7.275799725E9"
"2026/06/18","6324.09","165.90","2.69","6174.09","6355.78","6167.16","260054.0","5.1046905E7","7.288921003E9"
"2026/06/17","6158.19","110.13","1.82","5967.44","6163.44","5957.31","296857.0","3.8577515E7","7.135762805E9"
"2026/06/16","6048.06","126.35","2.13","6030.90","6070.70","5905.59","370803.0","4.2526806E7","7.021032635E9"
"2026/06/15","5921.71","287.91","5.11","5925.03","5968.35","5865.26","399053.0","4.5088927E7","6.885905386E9"
"2026/06/12","5633.80","257.84","4.80","5742.57","5865.87","5606.69","412039.0","6.0665132E7","6.553171527E9"
"2026/06/11","5375.96","29.47","0.55","5190.67","5420.63","5106.36","281874.0","4.9255524E7","6.227606882E9"
"2026/06/10","5346.49","-279.93","-4.98","5477.93","5551.07","5216.70","228438.0","4.0171106E7","6.192204366E9"
"2026/06/09","5626.42","460.00","8.90","5320.29","5645.74","5259.91","264397.0","4.7567752E7","6.485594762E9"
"2026/06/08","5166.42","-486.02","-8.60","5581.72","5581.72","5136.42","244059.0","4.7979513E7","5.99406909E9"
"2026/06/05","5652.44","-356.75","-5.94","5770.52","5829.65","5573.95","248382.0","4.8969662E7","6.547733963E9"
"2026/06/04","6009.19","-109.00","-1.78","5984.98","6100.26","5958.53","242790.0","4.8418123E7","6.937920218E9"
"2026/06/02","6118.19","23.30","0.38","6173.42","6221.68","5892.21","372702.0","6.8486642E7","7.062852073E9"
"2026/06/01","6094.89","234.25","4.00","5865.96","6147.18","5865.06","393853.0","7.1968689E7","7.05661471E9"
"2026/05/29","5860.64","204.95","3.62","5800.76","5861.64","5722.85","485856.0","7.8693462E7","6.808645598E9"
"2026/05/28","5655.69","-31.06","-0.55","5638.77","5712.15","5407.74","286772.0","5.2036796E7","6.580146541E9"
"2026/05/27","5686.75","154.61","2.79","5681.50","5865.64","5661.50","340093.0","5.6539137E7","6.618218653E9"
"2026/05/26","5532.14","148.70","2.76","5542.09","5597.92","5501.83","249669.0","4.1110014E7","6.473345668E9"
"2026/05/22","5383.44","18.08","0.34","5400.48","5415.13","5337.61","214968.0","3.2764877E7","6.310118959E9"
"2026/05/21","5365.36","429.74","8.71","5132.88","5371.00","5132.01","260998.0","4.2280313E7","6.274399136E9"
"2026/05/20","4935.62","-35.93","-0.72","5009.25","5010.48","4817.49","239079.0","4.0340434E7","5.783281557E9"
"2026/05/19","4971.55","-168.45","-3.28","5069.49","5092.92","4876.98","257945.0","3.8303656E7","5.835137908E9"
"2026/05/18","5140.00","32.62","0.64","5074.39","5234.04","4873.45","277673.0","4.42766E7","6.032062706E9"
"2026/05/15","5107.38","-352.96","-6.46","5434.14","5502.84","5022.24","426816.0","5.8121322E7","6.016402465E9"
"2026/05/14","5460.34","99.65","1.86","5377.86","5470.71","5359.84","358063.0","4.9717931E7","6.416277693E9"
"2026/05/13","5360.69","153.54","2.95","5104.53","5370.41","5031.72","292589.0","4.9068115E7","6.306221752E9"
"2026/05/12","5207.15","-123.45","-2.32","5424.56","5457.11","5051.29","406879.0","6.5561781E7","6.146694111E9"
"2026/05/11","5330.60","251.70","4.96","5287.02","5390.83","5247.95","408021.0","5.1451102E7","6.292350663E9"
"2026/05/08","5078.90","6.45","0.13","4968.60","5089.70","4950.68","269779.0","4.034089E7","6.031123988E9"
"2026/05/07","5072.45","81.57","1.63","5076.20","5102.80","4907.11","362006.0","4.8916752E7","6.023427798E9"
"2026/05/06","4990.88","336.63","7.23","4767.47","5021.47","4767.47","531930.0","5.7135896E7","5.940817227E9"
"2026/05/04","4654.25","245.29","5.56","4540.24","4655.06","4509.02","408419.0","4.0653996E7","5.582202321E9"
"2026/04/30","4408.96","-67.48","-1.51","4512.80","4523.07","4408.10","262037.0","3.316153E7","5.309889259E9"
"2026/04/29","4476.44","32.63","0.73","4424.54","4489.83","4410.14","248985.0","2.934383E7","5.388618918E9"
"2026/04/28","4443.81","12.94","0.29","4453.79","4496.05","4428.61","340048.0","3.5023223E7","5.349848956E9"
"2026/04/27","4430.87","103.48","2.39","4364.80","4462.54","4363.47","270583.0","3.33628E7","5.332405576E9"
"2026/04/24","4327.39","-6.86","-0.16","4345.86","4360.60","4274.95","288281.0","3.0962414E7","5.218141036E9"
"2026/04/23","4334.25","45.42","1.06","4336.26","4394.10","4214.61","332347.0","3.8565256E7","5.213982544E9"
"2026/04/22","4288.83","8.79","0.21","4278.06","4294.29","4221.47","258925.0","3.0184934E7","5.170916254E9"
"2026/04/21","4280.04","113.42","2.72","4225.95","4280.59","4225.38","350561.0","3.1870147E7","5.152231271E9"
"2026/04/20","4166.62","20.94","0.51","4160.35","4210.55","4134.53","208356.0","2.3689145E7","5.016170175E9"
"2026/04/17","4145.68","-26.81","-0.64","4173.25","4177.11","4125.00","238750.0","2.3102608E7","4.992493432E9"
"2026/04/16","4172.49","90.56","2.22","4119.64","4176.81","4100.42","257926.0","2.5113792E7","5.021419778E9"
"2026/04/15","4081.93","89.78","2.25","4117.35","4147.01","4061.86","348208.0","3.1068379E7","4.915122174E9"
"2026/04/14","3992.15","111.44","2.87","3990.42","4036.35","3972.07","226200.0","2.52836E7","4.809228623E9"
"2026/04/13","3880.71","-33.88","-0.87","3823.61","3895.36","3819.78","181503.0","1.9389575E7","4.698368808E9"
"2026/04/10","3914.59","56.45","1.46","3930.28","3961.29","3908.56","248811.0","2.2475147E7","4.741129308E9"
"2026/04/09","3858.14","-74.04","-1.88","3895.66","3920.98","3841.70","305047.0","3.1724539E7","4.679311295E9"
"2026/04/08","3932.18","269.11","7.35","3888.32","3970.00","3862.10","344273.0","3.5664448E7","4.757095612E9"
"2026/04/07","3663.07","36.95","1.02","3704.51","3732.57","3611.60","211010.0","2.2620174E7","4.449164625E9"
"2026/04/06","3626.12","53.90","1.51","3607.97","3665.63","3595.55","185434.0","1.9518143E7","4.414222155E9"
"2026/04/03","3572.22","100.36","2.89","3571.34","3603.09","3528.56","208634.0","1.9540158E7","4.358614278E9"
"2026/04/02","3471.86","-179.19","-4.91","3702.31","3720.80","3425.12","286698.0","3.1744243E7","4.247313946E9"
"2026/04/01","3651.05","303.13","9.05","3543.48","3677.03","3509.64","281733.0","2.8562378E7","4.454109008E9"
"2026/03/31","3347.92","-163.45","-4.65","3414.31","3474.69","3342.33","229651.0","2.84898E7","4.106546589E9"
"2026/03/30","3511.37","-110.91","-3.06","3447.53","3524.86","3428.10","186991.0","1.9951939E7","4.300044825E9"
"2026/03/27","3622.28","-13.97","-0.38","3526.65","3642.14","3475.00","245799.0","2.3880562E7","4.432150947E9"
"2026/03/26","3636.25","-129.17","-3.43","3727.26","3735.02","3628.56","232080.0","2.5124849E7","4.447787937E9"
"2026/03/25","3765.42","55.21","1.49","3795.48","3844.39","3758.73","243341.0","2.4557469E7","4.596680287E9"
"2026/03/24","3710.21","101.53","2.81","3772.38","3776.91","3601.70","262170.0","2.4314697E7","4.520558624E9"
"2026/03/23","3608.68","-254.73","-6.59","3720.67","3720.67","3602.19","275355.0","2.5553846E7","4.39661858E9"
"2026/03/20","3863.41","5.49","0.14","3890.91","3901.14","3851.25","413966.0","3.2185948E7","4.704794238E9"
"2026/03/19","3857.92","-113.29","-2.85","3850.84","3929.45","3837.58","255529.0","2.134492E7","4.69315762E9"
"2026/03/18","3971.21","206.15","5.48","3855.25","3978.23","3852.21","356297.0","2.5677796E7","4.827302488E9"
"2026/03/17","3765.06","58.51","1.58","3821.84","3826.15","3759.42","189939.0","1.9940888E7","4.594582085E9"
"2026/03/16","3706.55","54.88","1.50","3671.58","3713.39","3628.33","199883.0","2.0354585E7","4.525268177E9"
"2026/03/13","3651.67","-60.51","-1.63","3592.25","3689.12","3578.64","282114.0","2.3126367E7","4.478563367E9"
"2026/03/12","3712.18","-25.53","-0.68","3704.63","3749.98","3674.78","232858.0","2.2601117E7","4.554895938E9"
"2026/03/11","3737.71","40.52","1.10","3781.39","3832.14","3701.46","272113.0","2.6619205E7","4.576982421E9"
"2026/03/10","3697.19","203.26","5.82","3692.10","3747.99","3625.91","254310.0","2.9451098E7","4.525083493E9"
"2026/03/09","3493.93","-233.23","-6.26","3498.96","3542.91","3385.63","280981.0","3.3051924E7","4.300426834E9"
"2026/03/06","3727.16","-1.82","-0.05","3661.71","3745.96","3583.89","307812.0","3.2413529E7","4.571110142E9"
"2026/03/05","3728.98","344.99","10.19","3473.64","3824.54","3471.21","402554.0","4.4770019E7","4.562860072E9"
"2026/03/04","3383.99","-465.79","-12.10","3711.72","3787.45","3361.70","548196.0","6.2176952E7","4.144231663E9"
"2026/03/03","3849.78","-321.93","-7.72","4116.85","4122.61","3849.41","513922.0","5.3550497E7","4.724983603E9"
"2026/02/27","4171.71","-42.01","-1.00","4128.27","4250.39","4106.23","437909.0","5.3335363E7","5.093658824E9"
"2026/02/26","4213.72","177.70","4.40","4067.04","4218.70","4055.53","491549.0","3.9689829E7","5.139203844E9"
"2026/02/25","4036.02","70.69","1.78","4002.47","4077.31","3973.31","419523.0","3.4308059E7","4.946814027E9"
"2026/02/24","3965.33","91.50","2.36","3880.41","3965.64","3830.77","334354.0","2.9613032E7","4.855901809E9"
"2026/02/23","3873.83","23.50","0.61","3917.86","3939.26","3836.41","425873.0","2.9888011E7","4.75576685E9"
"2026/02/20","3850.33","79.17","2.10","3780.70","3852.81","3766.26","435312.0","2.9327383E7","4.745467313E9"
"2026/02/19","3771.16","123.99","3.40","3741.16","3774.40","3727.32","516552.0","2.9790377E7","4.645871341E9"
"2026/02/13","3647.17","-11.62","-0.32","3654.41","3701.61","3631.83","441075.0","2.8453973E7","4.492679509E9"
"2026/02/12","3658.79","119.89","3.39","3588.09","3658.79","3570.12","373503.0","3.1918403E7","4.511429742E9"
"2026/02/11","3538.90","32.86","0.94","3497.16","3554.63","3470.61","288831.0","2.4612686E7","4.374281899E9"
"2026/02/10","3506.04","-5.65","-0.16","3544.38","3559.05","3500.88","390779.0","2.3232025E7","4.333823634E9"
"2026/02/09","3511.69","148.48","4.41","3512.08","3525.81","3484.50","273232.0","2.7089943E7","4.338965366E9"
"2026/02/06","3363.21","-44.68","-1.31","3305.45","3388.41","3232.57","305482.0","3.0491467E7","4.16187046E9"
"2026/02/05","3407.89","-150.05","-4.22","3468.81","3507.61","3393.79","340637.0","3.237462E7","4.227638413E9"
"2026/02/04","3557.94","44.26","1.26","3486.17","3563.08","3473.57","359882.0","3.0935529E7","4.406327275E9"
"2026/02/03","3513.68","237.15","7.24","3396.70","3513.68","3384.21","299315.0","3.1722024E7","4.344557277E9"
"2026/02/02","3276.53","-193.21","-5.57","3395.96","3450.84","3266.40","277756.0","3.4962044E7","4.067429449E9"
"2026/01/30","3469.74","5.46","0.16","3457.50","3548.52","3454.96","334431.0","4.073133E7","4.299953111E9"
"2026/01/29","3464.28","36.15","1.05","3486.75","3495.57","3360.79","367890.0","4.2368266E7","4.304356815E9"
"2026/01/28","3428.13","72.36","2.16","3395.31","3436.70","3383.55","336389.0","3.8270213E7","4.255788657E9"
"2026/01/27","3355.77","110.32","3.40","3231.50","3355.77","3212.36","301850.0","3.3119521E7","4.168630603E9"
"2026/01/26","3245.45","-9.30","-0.29","3263.02","3283.05","3237.26","300732.0","3.1258769E7","4.054809366E9"
"2026/01/23","3254.75","29.36","0.91","3245.61","3269.69","3209.56","330038.0","3.2334782E7","4.057643817E9"
"2026/01/22","3225.39","36.72","1.15","3246.53","3270.18","3209.93","327560.0","3.4799546E7","4.019698811E9"
"2026/01/21","3188.67","15.91","0.50","3120.01","3192.68","3119.32","278615.0","3.3586092E7","3.980905273E9"
"2026/01/20","3172.76","-22.43","-0.70","3192.79","3211.50","3134.31","323914.0","2.8656464E7","3.970138579E9"
"2026/01/19","3195.19","39.97","1.27","3143.47","3205.82","3142.46","242303.0","2.5339969E7","3.986048494E9"
"2026/01/16","3155.22","36.60","1.17","3131.42","3162.79","3116.36","299585.0","2.7838699E7","3.934223925E9"
"2026/01/15","3118.62","45.73","1.49","3059.01","3118.65","3055.38","239710.0","2.4070532E7","3.89721014E9"
"2026/01/14","3072.89","19.62","0.64","3047.59","3072.89","3038.92","250603.0","2.4319022E7","3.837021287E9"
"2026/01/13","3053.27","32.94","1.09","3044.04","3054.98","3020.09","250300.0","2.648731E7","3.816050266E9"
"2026/01/12","3020.33","19.11","0.64","3037.15","3044.51","2980.98","229482.0","2.3996875E7","3.761603945E9"
"2026/01/09","3001.22","17.72","0.59","2964.09","3008.53","2942.69","213704.0","2.4117891E7","3.732071812E9"
"2026/01/08","2983.50","-1.45","-0.05","2969.02","3038.39","2966.58","244267.0","2.805439E7","3.703386123E9"
"2026/01/07","2984.95","19.00","0.64","2997.84","3029.49","2939.04","257109.0","3.0041101E7","3.699708276E9"
"2026/01/06","2965.95","45.76","1.57","2907.52","2965.95","2870.95","235801.0","2.6324929E7","3.679745968E9"
"2026/01/05","2920.19","106.37","3.78","2871.97","2920.19","2866.80","218310.0","2.3612618E7","3.625151863E9"
"2026/01/02","2813.82","79.97","2.93","2742.13","2816.64","2741.02","176804.0","1.844948E7","3.503953473E9"
"2025/12/30","2733.85","-0.63","-0.02","2716.56","2743.82","2712.04","127951.0","1.3686956E7","3.42202569E9"
"2025/12/29","2734.48","68.79","2.58","2686.24","2734.48","2685.37","146146.0","1.5121622E7","3.428656188E9"
"2025/12/26","2665.69","25.44","0.96","2657.10","2673.71","2652.93","165949.0","1.6649628E7","3.353900169E9"
"2025/12/24","2640.25","-3.22","-0.12","2655.02","2657.36","2638.43","126544.0","1.1387063E7","3.335442158E9"
"2025/12/23","2643.47","7.41","0.28","2648.34","2661.04","2638.64","169242.0","1.3716787E7","3.343619484E9"
"2025/12/22","2636.06","61.33","2.38","2628.00","2636.06","2619.49","162807.0","1.3690481E7","3.334203011E9"
"2025/12/19","2574.73","14.35","0.56","2602.46","2602.46","2563.07","195090.0","1.720113E7","3.264820705E9"
"2025/12/18","2560.38","-32.29","-1.25","2550.67","2582.08","2544.74","143275.0","1.3360928E7","3.241345363E9"
"2025/12/17","2592.67","45.19","1.77","2561.06","2596.45","2545.98","165270.0","1.3828663E7","3.293330765E9"
"2025/12/16","2547.48","-59.60","-2.29","2607.33","2610.71","2546.47","194377.0","1.7630803E7","3.248961426E9"
"2025/12/15","2607.08","-56.65","-2.13","2586.00","2628.31","2583.30","165737.0","1.5478833E7","3.32641794E9"
"2025/12/12","2663.73","31.26","1.19","2638.16","2667.88","2635.81","192230.0","1.7202317E7","3.378348879E9"
"2025/12/11","2632.47","-24.24","-0.91","2674.01","2681.25","2631.11","212113.0","1.9170504E7","3.307826205E9"
"2025/12/10","2656.71","0.09","0.00","2667.24","2681.01","2648.31","128119.0","1.2870705E7","3.331621449E9"
"2025/12/09","2656.62","-13.01","-0.49","2653.17","2666.35","2642.49","158828.0","1.4377095E7","3.336268802E9"
"2025/12/08","2669.63","37.62","1.43","2637.47","2669.63","2618.79","169811.0","1.7292676E7","3.345063554E9"
"2025/12/05","2632.01","43.12","1.67","2583.22","2632.01","2567.79","177980.0","1.7701694E7","3.297415417E9"
"2025/12/04","2588.89","-6.04","-0.23","2580.33","2588.90","2557.33","154809.0","1.3836276E7","3.245794216E9"
"2025/12/03","2594.93","21.03","0.82","2583.85","2607.60","2566.67","157198.0","1.3799741E7","3.252732582E9"
"2025/12/02","2573.90","49.45","1.96","2535.81","2574.81","2532.94","180326.0","1.3636139E7","3.222572855E9"
"2025/12/01","2524.45","1.79","0.07","2551.66","2559.03","2504.48","183494.0","1.4310826E7","3.165869304E9"
"2025/11/28","2522.66","-31.86","-1.25","2560.77","2560.77","2520.00","173725.0","1.4320645E7","3.166941788E9"
"2025/11/27","2554.52","16.97","0.67","2558.04","2582.15","2541.12","122408.0","1.289401E7","3.207220407E9"
"2025/11/26","2537.55","66.44","2.69","2491.83","2538.02","2474.13","159112.0","1.609929E7","3.195519464E9"
"2025/11/25","2471.11","16.32","0.66","2523.13","2527.62","2454.20","143449.0","1.3764995E7","3.11052692E9"
"2025/11/24","2454.79","-1.52","-0.06","2501.00","2503.50","2448.31","211154.0","2.1264908E7","3.090664276E9"
"2025/11/21","2456.31","-107.12","-4.18","2497.16","2500.70","2445.42","144435.0","1.4397382E7","3.102970175E9"
"2025/11/20","2563.43","54.39","2.17","2582.14","2601.47","2559.07","160985.0","1.5218481E7","3.227946701E9"
"2025/11/19","2509.04","-17.60","-0.70","2532.10","2532.25","2458.44","161411.0","1.4874999E7","3.164847742E9"
"2025/11/18","2526.64","-89.93","-3.44","2585.32","2604.71","2523.69","169949.0","1.4812666E7","3.187032845E9"
"2025/11/17","2616.57","58.30","2.28","2605.72","2617.40","2586.45","156957.0","1.4414625E7","3.296228344E9"
"2025/11/14","2558.27","-109.73","-4.11","2593.32","2613.38","2558.23","193522.0","1.9283338E7","3.233252998E9"
"2025/11/13","2668.00","11.63","0.44","2641.13","2682.04","2638.58","215223.0","1.923461E7","3.361593976E9"
"2025/11/12","2656.37","29.44","1.12","2619.96","2660.23","2611.98","213675.0","1.6730687E7","3.341208875E9"
"2025/11/11","2626.93","24.44","0.94","2638.09","2682.94","2598.62","249614.0","2.1330396E7","3.302513243E9"
"2025/11/10","2602.49","75.66","2.99","2553.77","2617.20","2544.83","246426.0","1.7977413E7","3.27667728E9"
"2025/11/07","2526.83","-49.60","-1.93","2531.87","2584.97","2483.40","238554.0","1.9234381E7","3.184291733E9"
"2025/11/06","2576.43","12.48","0.49","2623.36","2635.48","2548.52","317078.0","2.2999758E7","3.245659597E9"
"2025/11/05","2563.95","-76.45","-2.90","2594.31","2594.31","2467.06","308619.0","2.8359894E7","3.229431153E9"
"2025/11/04","2640.40","-67.21","-2.48","2703.22","2710.77","2638.07","224820.0","2.2053567E7","3.327029196E9"
"2025/11/03","2707.61","86.39","3.30","2628.13","2707.69","2627.62","226266.0","2.2880692E7","3.401577854E9"
"2025/10/31","2621.22","20.70","0.80","2600.62","2628.56","2582.99","249151.0","2.3517554E7","3.30566774E9"
"2025/10/30","2600.52","13.81","0.53","2601.17","2632.52","2584.62","261731.0","2.3303257E7","3.285898564E9"
"2025/10/29","2586.71","49.80","1.96","2570.39","2588.66","2538.87","248782.0","2.1501673E7","3.28064373E9"
"2025/10/28","2536.91","-25.06","-0.98","2538.55","2545.36","2514.61","216393.0","1.9496076E7","3.225306018E9"
"2025/10/27","2561.97","71.91","2.89","2529.65","2562.19","2528.12","233212.0","2.0196298E7","3.250728519E9"
"2025/10/24","2490.06","60.89","2.51","2461.68","2496.37","2457.65","207078.0","1.7777546E7","3.165015261E9"
"2025/10/23","2429.17","-27.69","-1.13","2423.20","2467.36","2414.89","171534.0","1.5573874E7","3.085285364E9"
"2025/10/22","2456.86","32.68","1.35","2422.94","2456.86","2400.27","166483.0","1.5224584E7","3.117701335E9"
"2025/10/21","2424.18","-0.04","0.00","2448.50","2474.52","2419.32","235804.0","1.8845437E7","3.07093611E9"
"2025/10/20","2424.22","44.83","1.88","2398.67","2424.22","2365.85","179696.0","1.4651132E7","3.064010728E9"
"2025/10/17","2379.39","5.67","0.24","2364.00","2410.32","2356.98","216918.0","1.8380217E7","3.008897902E9"
"2025/10/16","2373.72","59.70","2.58","2325.59","2373.72","2325.26","199766.0","1.7376996E7","3.004169729E9"
"2025/10/15","2314.02","59.60","2.64","2267.92","2316.35","2264.73","165498.0","1.3543521E7","2.929734142E9"
"2025/10/14","2254.42","-23.42","-1.03","2293.99","2321.51","2236.54","228127.0","1.8350953E7","2.854199628E9"
"2025/10/13","2277.84","-21.57","-0.94","2252.48","2277.84","2234.23","181422.0","1.4144067E7","2.873734957E9"
"2025/10/10","2299.41","56.15","2.50","2288.91","2305.09","2271.32","226155.0","1.904389E7","2.892742596E9"
"2025/10/02","2243.26","60.94","2.79","2234.11","2262.64","2225.72","218609.0","1.8824702E7","2.843283933E9"
"2025/10/01","2182.32","23.25","1.08","2173.17","2184.65","2170.67","138731.0","1.0556808E7","2.76661166E9"
"2025/09/30","2159.07","-5.93","-0.27","2169.46","2173.93","2156.94","138875.0","9997844.0","2.741218388E9"
"2025/09/29","2165.00","32.29","1.51","2150.83","2170.73","2148.73","123617.0","8807691.0","2.748121574E9"
"2025/09/26","2132.71","-55.90","-2.55","2167.31","2169.67","2118.03","148694.0","1.2119871E7","2.710932302E9"
"2025/09/25","2188.61","-1.29","-0.06","2178.00","2195.40","2175.37","147184.0","1.2744276E7","2.77956425E9"
"2025/09/24","2189.90","-8.53","-0.39","2200.44","2206.91","2168.01","148856.0","1.1969359E7","2.781728293E9"
"2025/09/23","2198.43","12.22","0.56","2202.44","2205.80","2185.04","154688.0","1.1986548E7","2.795656137E9"
"2025/09/22","2186.21","23.41","1.08","2176.51","2195.15","2175.01","145972.0","1.2211544E7","2.78215523E9"
"2025/09/19","2162.80","-6.28","-0.29","2170.18","2176.56","2155.54","184162.0","1.5176967E7","2.758905307E9"
"2025/09/18","2169.08","36.80","1.73","2146.42","2169.08","2139.99","173603.0","1.2448742E7","2.768856378E9"
"2025/09/17","2132.28","-26.42","-1.22","2145.85","2146.43","2126.67","147285.0","1.1419671E7","2.728619971E9"
"2025/09/16","2158.70","34.30","1.61","2133.83","2160.45","2131.52","188445.0","1.333959E7","2.758838086E9"
"2025/09/15","2124.40","8.95","0.42","2126.64","2135.44","2112.76","170418.0","1.2322027E7","2.724463404E9"
"2025/09/12","2115.45","39.05","1.88","2099.39","2115.61","2092.91","194749.0","1.3815975E7","2.715380128E9"
"2025/09/11","2076.40","17.31","0.84","2073.14","2078.67","2055.62","208996.0","1.4713217E7","2.671751733E9"
"2025/09/10","2059.09","38.61","1.91","2029.46","2061.99","2028.26","167646.0","1.2552067E7","2.648795341E9"
"2025/09/09","2020.48","27.93","1.40","1998.31","2020.48","1992.96","142988.0","9869298.0","2.606221115E9"
"2025/09/08","1992.55","9.62","0.49","1988.59","1993.71","1983.83","107165.0","7473362.0","2.573719708E9"
"2025/09/05","1982.93","3.99","0.20","1986.21","1989.35","1977.41","142869.0","1.0441778E7","2.562372853E9"
"2025/09/04","1978.94","9.59","0.49","1970.13","1982.31","1968.95","110265.0","7728002.0","2.556360061E9"
"2025/09/03","1969.35","9.22","0.47","1962.46","1969.75","1956.07","110423.0","8066114.0","2.542781726E9"
"2025/09/02","1960.13","21.59","1.11","1946.58","1962.14","1944.67","111059.0","7807187.0","2.533935405E9"
"2025/09/01","1938.54","-30.46","-1.55","1952.95","1962.08","1933.23","108633.0","7959701.0","2.508483837E9"
"2025/08/29","1969.00","-6.56","-0.33","1984.84","1988.32","1967.98","118103.0","8669694.0","2.543375719E9"
"2025/08/28","1975.56","4.51","0.23","1962.10","1986.04","1954.77","120778.0","9504636.0","2.553309916E9"
"2025/08/27","1971.05","3.35","0.17","1969.48","1971.74","1957.08","122387.0","8870455.0","2.549630169E9"
"2025/08/26","1967.70","-17.49","-0.88","1976.53","1978.70","1964.22","177097.0","1.2967811E7","2.543942502E9"
"2025/08/25","1985.19","26.37","1.35","1975.56","1985.19","1967.45","119238.0","8412960.0","2.567001712E9"
"2025/08/22","1958.82","18.27","0.94","1955.94","1967.01","1951.28","124526.0","8289255.0","2.530950574E9"
"2025/08/21","1940.55","2.86","0.15","1944.44","1958.63","1940.27","158208.0","1.0660167E7","2.508693714E9"
"2025/08/20","1937.69","-12.69","-0.65","1931.39","1939.76","1907.08","173605.0","1.144603E7","2.500895166E9"
"2025/08/19","1950.38","-15.09","-0.77","1970.33","1971.57","1943.96","134812.0","8845998.0","2.518519628E9"
"2025/08/18","1965.47","-35.11","-1.75","1984.41","1985.58","1965.42","135648.0","8608900.0","2.53983223E9"
"2025/08/14","2000.58","-0.90","-0.04","2001.14","2007.99","1990.93","167846.0","1.0129635E7","2.581554385E9"
"2025/08/13","2001.48","25.11","1.27","2001.44","2002.72","1978.83","176475.0","1.1038298E7","2.580092427E9"
"2025/08/12","1976.37","-7.96","-0.40","1988.09","2009.79","1975.96","142197.0","1.0372986E7","2.549244716E9"
"2025/08/11","1984.33","0.49","0.02","1990.04","1991.50","1977.24","151641.0","1.0802275E7","2.563226528E9"
"2025/08/08","1983.84","-7.01","-0.35","1987.13","1995.15","1975.89","155411.0","1.1443528E7","2.562606829E9"
"2025/08/07","1990.85","18.95","0.96","1983.32","1990.85","1971.84","152194.0","1.0768023E7","2.573829707E9"
"2025/08/06","1971.90","-1.71","-0.09","1962.93","1973.51","1957.97","148832.0","1.0808167E7","2.551435781E9"
"2025/08/05","1973.61","31.51","1.62","1968.77","1983.76","1958.52","151838.0","1.0989776E7","2.551672585E9"
"2025/08/04","1942.10","20.42","1.06","1920.05","1948.82","1913.73","135945.0","9344275.0","2.509821564E9"
"2025/08/01","1921.68","-82.33","-4.11","1976.97","1977.30","1920.55","184474.0","1.352889E7","2.486120779E9"
"2025/07/31","2004.01","-4.86","-0.24","2020.72","2028.73","1992.22","210995.0","1.6344464E7","2.589104671E9"
"2025/07/30","2008.87","16.40","0.82","1994.98","2019.49","1993.33","201410.0","1.3484581E7","2.596008557E9"
"2025/07/29","1992.47","10.50","0.53","1970.99","1994.15","1954.64","175560.0","1.2557332E7","2.577214715E9"
"2025/07/28","1981.97","10.21","0.52","1990.59","1990.82","1959.40","201127.0","1.3415324E7","2.561794724E9"